{
  "app": {
    "js": [
      "/generated/193-bd7138ffc24cadcb3f92.js",
      "/generated/app-9f5aabbc6e12a028864b.js"
    ],
    "css": [
      "/generated/700-c4045aa720013146381c.css",
      "/generated/app-b7cf0b652415d532ad42.css"
    ]
  },
  "home": {
    "js": [
      "/generated/193-bd7138ffc24cadcb3f92.js",
      "/generated/home-e67b3d1e6a942a3d97aa.js"
    ]
  },
  "blog": {
    "js": [
      "/generated/193-bd7138ffc24cadcb3f92.js",
      "/generated/blog-2eb6f9e3125fd470e757.js"
    ],
    "css": "/generated/blog-0e6ef510d0b1ed0762da.css"
  },
  "": {
    "svg": "/generated/fonts/fontawesome-webfont-c1e38fd9e0e74ba58f7a.svg?v=4.7.0",
    "js": [
      "/generated/chunk-materialize-a00e783a53f591a2cfc0.js",
      "/generated/chunk-lightbox-d959f12e28913d6b9e03.js",
      "/generated/chunk-jquery-circle-progress-2c793718145431c50f34.js"
    ],
    "eot": [
      "/generated/fonts/fontawesome-webfont-8b43027f47b20503057d.eot",
      "/generated/fonts/fontawesome-webfont-8b43027f47b20503057d.eot?v=4.7.0"
    ],
    "ttf": "/generated/fonts/fontawesome-webfont-1e59d2330b4c6deb84b3.ttf?v=4.7.0",
    "woff": "/generated/fonts/fontawesome-webfont-f691f37e57f04c152e23.woff?v=4.7.0",
    "woff2": "/generated/fonts/fontawesome-webfont-20fd1704ea223900efa9.woff2?v=4.7.0",
    "gif": "/generated/images/loading-f657825a2eeed04632b0.gif",
    "css": "/generated/471-f3d608311a4cdfc78c3f.css",
    "png": [
      "/generated/images/prev-0edc57ccafb3ea818597.png",
      "/generated/images/next-62074ac70bd3cfc10445.png",
      "/generated/images/close-0cfd6489536ec0987466.png"
    ]
  }
}